Year,Team,Player,Position,Round,Pick,Overall Pick
2018,Michael,Greg Zuerlein,K,1,1,1
2018,Michael,Todd Gurley II,RB,1,2,2
2018,Jackson,Patrick Mahomes,QB,1,3,3
2018,McGwire,Saquon Barkley,RB,1,4,4
2018,Noah,Dalvin Cook,RB,1,5,5
2018,Klapp,Alvin Kamara,RB,1,6,6
2018,Haris,Allen Lazard,WR,1,7,7
2018,Haris,Ezekiel Elliott,RB,1,8,8
2018,Klapp,Le'Veon Bell,RB,1,9,9
2018,McGwire,David Johnson,RB,1,10,10
2018,Carter,Stephen Gostkowski,K,2,1,11
2018,Jackson,Odell Beckham Jr.,WR,2,2,12
2018,Michael,Tyreek Hill,WR,2,3,13
2018,Haris,Antonio Brown,WR,2,4,14
2018,Michael,Kareem Hunt,RB,2,5,15
2018,Dante,Mike Evans,WR,2,6,16
2018,Dante,Zach Ertz,TE,2,7,17
2018,Carter,Julio Jones,WR,2,8,18
2018,Dante,Leonard Fournette,RB,2,9,19
2018,McGwire,Matt Bryant,K,2,10,20
2018,Dante,DeAndre Hopkins,WR,3,1,21
2018,Noah,Keenan Allen,WR,3,2,22
2018,Zach,Stefon Diggs,WR,3,3,23
2018,McGwire,Aaron Rodgers,QB,3,4,24
2018,Noah,Devonta Freeman,RB,3,5,25
2018,Haris,Drew Brees,QB,3,6,26
2018,Michael,Rob Gronkowski,TE,3,7,27
2018,Klapp,Carson Wentz,QB,3,8,28
2018,Nathan,A.J. Green,WR,3,9,29
2018,Nathan,Davante Adams,WR,3,10,30
2018,Klapp,Deshaun Watson,QB,4,1,31
2018,Klapp,Jarvis Landry,WR,4,2,32
2018,Carter,Doug Baldwin,WR,4,3,33
2018,Haris,LeSean McCoy,RB,4,4,34
2018,Zach,Jerick McKinnon,RB,4,5,35
2018,Zach,Derrius Guice,RB,4,6,36
2018,Zach,Eagles D/ST,D/ST,4,7,37
2018,Michael,Matthew Stafford,QB,4,8,38
2018,Jackson,Melvin Gordon III,RB,4,9,39
2018,Zach,Adam Thielen,WR,4,10,40
2018,Nathan,Amari Cooper,WR,5,1,41
2018,Carter,Tyrell Williams,WR,5,2,42
2018,Jackson,JuJu Smith-Schuster,WR,5,3,43
2018,Dante,Brandin Cooks,WR,5,4,44
2018,Nathan,Michael Thomas,WR,5,5,45
2018,Carter,Christian McCaffrey,RB,5,6,46
2018,Noah,Rams D/ST,D/ST,5,7,47
2018,Carter,Carlos Hyde,RB,5,8,48
2018,Nathan,Josh Gordon,WR,5,9,49
2018,Carter,William Fuller V,WR,5,10,50
2018,Haris,Justin Tucker,K,6,1,51
2018,Noah,Travis Kelce,TE,6,2,52
2018,Haris,Dion Lewis,RB,6,3,53
2018,Zach,Golden Tate,WR,6,4,54
2018,Noah,T.Y. Hilton,WR,6,5,55
2018,Carter,Cam Newton,QB,6,6,56
2018,Zach,Jaguars D/ST,D/ST,6,7,57
2018,McGwire,Nelson Agholor,WR,6,8,58
2018,Carter,Joe Mixon,RB,6,9,59
2018,McGwire,Ravens D/ST,D/ST,6,10,60
2018,Nathan,Alex Collins,RB,7,1,61
2018,Michael,DJ Moore,WR,7,2,62
2018,Jackson,Royce Freeman,RB,7,3,63
2018,Zach,Wil Lutz,K,7,4,64
2018,Carter,Larry Fitzgerald,WR,7,5,65
2018,Klapp,Vikings D/ST,D/ST,7,6,66
2018,Carter,Texans D/ST,D/ST,7,7,67
2018,Carter,Jalen Richard,RB,7,8,68
2018,Nathan,Jordan Howard,RB,7,9,69
2018,McGwire,Allen Robinson,WR,7,10,70
2018,Zach,Marshawn Lynch,RB,8,1,71
2018,Klapp,David Njoku,TE,8,2,72
2018,Carter,Marvin Jones Jr.,WR,8,3,73
2018,Noah,Mark Ingram II,RB,8,4,74
2018,Nathan,Demaryius Thomas,WR,8,5,75
2018,Haris,Kyle Rudolph,TE,8,6,76
2018,Zach,Randall Cobb,WR,8,7,77
2018,Noah,Jay Ajayi,RB,8,8,78
2018,Zach,Sterling Shepard,WR,8,9,79
2018,McGwire,Chris Hogan,WR,8,10,80
2018,McGwire,Michael Crabtree,WR,9,1,81
2018,Klapp,Jake Elliott,K,9,2,82
2018,Jackson,Greg Olsen,TE,9,3,83
2018,Zach,Tom Brady,QB,9,4,84
2018,Carter,Kenyan Drake,RB,9,5,85
2018,Nathan,Evan Engram,TE,9,6,86
2018,Zach,Alshon Jeffery,WR,9,7,87
2018,Zach,Jimmy Graham,TE,9,8,88
2018,Haris,Cooper Kupp,WR,9,9,89
2018,Jackson,Delanie Walker,TE,9,10,90
2018,Haris,Devin Funchess,WR,10,1,91
2018,Klapp,C.J. Anderson,RB,10,2,92
2018,Jackson,Derrick Henry,RB,10,3,93
2018,Zach,Lamar Miller,RB,10,4,94
2018,Haris,Rashaad Penny,RB,10,5,95
2018,Carter,Austin Seferian-Jenkins,TE,10,6,96
2018,Nathan,Ronald Jones,RB,10,7,97
2018,Dante,Devontae Booker,RB,10,8,98
2018,Carter,Nick Chubb,RB,10,9,99
2018,Zach,Jordan Reed,TE,10,10,100
2018,Noah,Marqise Lee,WR,11,1,101
2018,Klapp,Robert Woods,WR,11,2,102
2018,Noah,Tevin Coleman,RB,11,3,103
2018,Nathan,Corey Davis,WR,11,4,104
2018,Jackson,Patriots D/ST,D/ST,11,5,105
2018,Dante,Matt Ryan,QB,11,6,106
2018,Haris,Kelvin Benjamin,TE,11,7,107
2018,McGwire,Emmanuel Sanders,WR,11,8,108
2018,Nathan,Russell Wilson,QB,11,9,109
2018,Klapp,Duke Johnson,RB,11,10,110
2018,Jackson,Marlon Mack,RB,12,1,111
2018,Nathan,Chargers D/ST,D/ST,12,2,112
2018,Michael,Pierre Garcon,WR,12,3,113
2018,Dante,Steelers D/ST,D/ST,12,4,114
2018,Noah,Kirk Cousins,QB,12,5,115
2018,Jackson,Sammy Watkins,WR,12,6,116
2018,Noah,Andrew Luck,QB,12,7,117
2018,Klapp,Robbie Chosen,WR,12,8,118
2018,Jackson,Alex Smith,QB,12,9,119
2018,Nathan,Harrison Butker,K,12,10,120
2018,McGwire,Isaiah Crowell,RB,13,1,121
2018,Dante,Graham Gano,K,13,2,122
2018,Haris,Dak Prescott,QB,13,3,123
2018,McGwire,Hayden Hurst,TE,13,4,124
2018,Jackson,Chris Boswell,K,13,5,125
2018,Noah,Sony Michel,RB,13,6,126
2018,Jackson,Marquise Goodwin,WR,13,7,127
2018,Nathan,Kalen Ballage,RB,13,8,128
2018,Michael,Rex Burkhead,RB,13,9,129
2018,Dante,Jack Doyle,TE,13,10,130
2018,Haris,Dez Bryant,WR,14,1,131
2018,McGwire,Jordy Nelson,WR,14,2,132
2018,Noah,Matt Prater,K,14,3,133
2018,Klapp,Allen Hurns,WR,14,4,134
2018,Jackson,Kenny Stills,WR,14,5,135
2018,Nathan,Jimmy Garoppolo,QB,14,6,136
2018,Noah,DeVante Parker,WR,14,7,137
2018,Dante,Marcus Mariota,QB,14,8,138
2018,Haris,George Kittle,TE,14,9,139
2018,McGwire,Ben Roethlisberger,QB,14,10,140
2018,Noah,Calvin Ridley,WR,15,1,141
2018,Klapp,Paul Richardson Jr.,WR,15,2,142
2018,Jackson,Jamison Crowder,WR,15,3,143
2018,McGwire,Tarik Cohen,RB,15,4,144
2018,Dante,Jamaal Williams,RB,15,5,145
2018,Haris,Broncos D/ST,D/ST,15,6,146
2018,McGwire,Charles Clay,TE,15,7,147
2018,Klapp,Chris Thompson,RB,15,8,148
2018,Michael,Kerryon Johnson,RB,15,9,149
2018,Dante,Mohamed Sanu,WR,15,10,150
2018,Klapp,Julian Edelman,WR,16,1,151
2018,Michael,Ty Montgomery II,RB,16,2,152
2018,Dante,Kenny Golladay,WR,16,3,153
2018,Michael,Josh Doctson,WR,16,4,154
2018,Dante,Tyler Lockett,WR,16,5,155
2018,Michael,Rishard Matthews,WR,16,6,156
2018,Dante,Bilal Powell,RB,16,7,157
2018,Michael,Cameron Meredith,WR,16,8,158
2018,Michael,DeSean Jackson,WR,16,9,159
2018,Michael,Saints D/ST,D/ST,16,10,160
2019,Dante,Michael Thomas,WR,1,1,1
2019,Ethan,Devonta Freeman,RB,1,2,2
2019,Klapp,Todd Gurley II,RB,1,3,3
2019,McGwire,Saquon Barkley,RB,1,4,4
2019,Noah,Alvin Kamara,RB,1,5,5
2019,Carter,DeAndre Hopkins,WR,1,6,6
2019,Haris,Le'Veon Bell,RB,1,7,7
2019,Michael,Nick Chubb,RB,1,8,8
2019,Nathan,Julio Jones,WR,1,9,9
2019,Zach,Odell Beckham Jr.,WR,1,10,10
2019,Andrew,David Johnson,RB,1,11,11
2019,Justin,Christian McCaffrey,RB,1,12,12
2019,Justin,Patrick Mahomes,QB,2,1,13
2019,Andrew,Mike Evans,WR,2,2,14
2019,Zach,James Conner,RB,2,3,15
2019,Nathan,Antonio Brown,WR,2,4,16
2019,Michael,Davante Adams,WR,2,5,17
2019,Haris,Ezekiel Elliott,RB,2,6,18
2019,Carter,Leonard Fournette,RB,2,7,19
2019,Noah,Travis Kelce,TE,2,8,20
2019,McGwire,Adam Thielen,WR,2,9,21
2019,Klapp,Tyreek Hill,WR,2,10,22
2019,Ethan,JuJu Smith-Schuster,WR,2,11,23
2019,Dante,Joe Mixon,RB,2,12,24
2019,Dante,Zach Ertz,TE,3,1,25
2019,Ethan,Derrick Henry,RB,3,2,26
2019,Klapp,Stefon Diggs,WR,3,3,27
2019,McGwire,David Montgomery,RB,3,4,28
2019,Noah,Keenan Allen,WR,3,5,29
2019,Carter,Josh Jacobs,RB,3,6,30
2019,Haris,Amari Cooper,WR,3,7,31
2019,Michael,Julian Edelman,WR,3,8,32
2019,Nathan,Kerryon Johnson,RB,3,9,33
2019,Zach,Robert Woods,WR,3,10,34
2019,Andrew,Dalvin Cook,RB,3,11,35
2019,Justin,T.Y. Hilton,WR,3,12,36
2019,Justin,Sony Michel,RB,4,1,37
2019,Andrew,Aaron Rodgers,QB,4,2,38
2019,Zach,Mark Ingram II,RB,4,3,39
2019,Nathan,Damien Williams,RB,4,4,40
2019,Michael,Drew Brees,QB,4,5,41
2019,Haris,Jarvis Landry,WR,4,6,42
2019,Carter,Allen Robinson,WR,4,7,43
2019,Noah,Melvin Gordon III,RB,4,8,44
2019,McGwire,Deshaun Watson,QB,4,9,45
2019,Klapp,George Kittle,TE,4,10,46
2019,Ethan,Brandin Cooks,WR,4,11,47
2019,Dante,Phillip Lindsay,RB,4,12,48
2019,Dante,Tevin Coleman,RB,5,1,49
2019,Ethan,Andrew Luck,QB,5,2,50
2019,Klapp,Marlon Mack,RB,5,3,51
2019,McGwire,T.J. Hockenson,TE,5,4,52
2019,Noah,Alshon Jeffery,WR,5,5,53
2019,Carter,Evan Engram,TE,5,6,54
2019,Haris,William Fuller V,WR,5,7,55
2019,Michael,O.J. Howard,TE,5,8,56
2019,Nathan,A.J. Green,WR,5,9,57
2019,Zach,James White,RB,5,10,58
2019,Andrew,Tyler Lockett,WR,5,11,59
2019,Justin,DJ Moore,WR,5,12,60
2019,Justin,Calvin Ridley,WR,6,1,61
2019,Andrew,Jared Cook,TE,6,2,62
2019,Zach,Kenny Golladay,WR,6,3,63
2019,Nathan,Hunter Henry,TE,6,4,64
2019,Michael,Aaron Jones Sr.,RB,6,5,65
2019,Haris,Baker Mayfield,QB,6,6,66
2019,Carter,Derrius Guice,RB,6,7,67
2019,Noah,Lamar Miller,RB,6,8,68
2019,McGwire,Mike Williams,WR,6,9,69
2019,Klapp,Tarik Cohen,RB,6,10,70
2019,Ethan,Kenyan Drake,RB,6,11,71
2019,Dante,Chris Carson,RB,6,12,72
2019,Dante,Cooper Kupp,WR,7,1,73
2019,Ethan,Delanie Walker,TE,7,2,74
2019,Klapp,Russell Wilson,QB,7,3,75
2019,McGwire,Miles Sanders,RB,7,4,76
2019,Noah,Matt Ryan,QB,7,5,77
2019,Carter,Cam Newton,QB,7,6,78
2019,Haris,Dak Prescott,QB,7,7,79
2019,Michael,Chris Godwin Jr.,WR,7,8,80
2019,Nathan,Austin Ekeler,RB,7,9,81
2019,Zach,LeSean McCoy,RB,7,10,82
2019,Andrew,Sammy Watkins,WR,7,11,83
2019,Justin,David Njoku,TE,7,12,84
2019,Justin,Greg Zuerlein,K,8,1,85
2019,Andrew,Tyler Boyd,WR,8,2,86
2019,Zach,Jared Goff,QB,8,3,87
2019,Nathan,Matt Breida,RB,8,4,88
2019,Michael,Harrison Butker,K,8,5,89
2019,Haris,Austin Hooper,TE,8,6,90
2019,Carter,Dede Westbrook,WR,8,7,91
2019,Noah,Larry Fitzgerald,WR,8,8,92
2019,McGwire,Jordan Reed,TE,8,9,93
2019,Klapp,Bears D/ST,D/ST,8,10,94
2019,Ethan,Dante Pettis,WR,8,11,95
2019,Dante,Eric Ebron,TE,8,12,96
2019,Dante,Darrell Henderson Jr.,RB,9,1,97
2019,Ethan,Philip Rivers,QB,9,2,98
2019,Klapp,James Washington,WR,9,3,99
2019,McGwire,Devin Funchess,WR,9,4,100
2019,Noah,Sterling Shepard,WR,9,5,101
2019,Carter,Kyler Murray,QB,9,6,102
2019,Haris,Nyheim Miller-Hines,RB,9,7,103
2019,Michael,Rashaad Penny,RB,9,8,104
2019,Nathan,Latavius Murray,RB,9,9,105
2019,Zach,Jimmy Graham,TE,9,10,106
2019,Andrew,Tom Brady,QB,9,11,107
2019,Justin,Christian Kirk,WR,9,12,108
2019,Justin,Ronald Jones,RB,10,1,109
2019,Andrew,Adam Vinatieri,K,10,2,110
2019,Zach,DeSean Jackson,WR,10,3,111
2019,Nathan,Marvin Jones Jr.,WR,10,4,112
2019,Michael,Vikings D/ST,D/ST,10,5,113
2019,Haris,Alexander Mattison,RB,10,6,114
2019,Carter,Stephen Gostkowski,K,10,7,115
2019,Noah,Rams D/ST,D/ST,10,8,116
2019,McGwire,Bills D/ST,D/ST,10,9,117
2019,Klapp,Wil Lutz,K,10,10,118
2019,Ethan,Jaguars D/ST,D/ST,10,11,119
2019,Dante,Emmanuel Sanders,WR,10,12,120
2019,Dante,N'Keal Harry,TE,11,1,121
2019,Ethan,Jake Elliott,K,11,2,122
2019,Klapp,Robbie Chosen,WR,11,3,123
2019,McGwire,Justin Tucker,K,11,4,124
2019,Noah,Ka'imi Fairbairn,K,11,5,125
2019,Carter,Kareem Hunt,RB,11,6,126
2019,Haris,Royce Freeman,RB,11,7,127
2019,Michael,Carlos Hyde,RB,11,8,128
2019,Nathan,Carson Wentz,QB,11,9,129
2019,Zach,Robbie Gould,K,11,10,130
2019,Andrew,Saints D/ST,D/ST,11,11,131
2019,Justin,Chargers D/ST,D/ST,11,12,132
2019,Justin,Courtland Sutton,WR,12,1,133
2019,Andrew,Vance McDonald,TE,12,2,134
2019,Zach,Keke Coutee,WR,12,3,135
2019,Nathan,Anthony Miller,WR,12,4,136
2019,Michael,Corey Davis,WR,12,5,137
2019,Haris,Benny Snell Jr.,RB,12,6,138
2019,Carter,Patriots D/ST,D/ST,12,7,139
2019,Noah,Jerick McKinnon,RB,12,8,140
2019,McGwire,Hollywood Brown,WR,12,9,141
2019,Klapp,Adrian Peterson,RB,12,10,142
2019,Ethan,DK Metcalf,WR,12,11,143
2019,Dante,Jordan Howard,RB,12,12,144
2019,Dante,Mitchell Trubisky,QB,13,1,145
2019,Ethan,John Brown,WR,13,2,146
2019,Klapp,Chris Thompson,RB,13,3,147
2019,McGwire,Justice Hill,RB,13,4,148
2019,Noah,Ben Roethlisberger,QB,13,5,149
2019,Carter,Jack Doyle,TE,13,6,150
2019,Haris,Ryquell Armstead,RB,13,7,151
2019,Michael,Noah Fant,TE,13,8,152
2019,Nathan,Curtis Samuel,WR,13,9,153
2019,Zach,Texans D/ST,D/ST,13,10,154
2019,Andrew,Dion Lewis,RB,13,11,155
2019,Justin,Trey Burton,TE,13,12,156
2019,Justin,Kenny Stills,WR,14,1,157
2019,Andrew,Michael Gallup,WR,14,2,158
2019,Zach,DeVante Parker,WR,14,3,159
2019,Nathan,Kalen Ballage,RB,14,4,160
2019,Michael,Peyton Barber,RB,14,5,161
2019,Haris,Marquez Valdes-Scantling,WR,14,6,162
2019,Carter,Hakeem Butler,WR,14,7,163
2019,Noah,Geronimo Allison,WR,14,8,164
2019,McGwire,Jimmy Garoppolo,QB,14,9,165
2019,Klapp,Golden Tate,WR,14,10,166
2019,Ethan,Tyler Eifert,TE,14,11,167
2019,Dante,Ryan Succop,K,14,12,168
2019,Dante,Ravens D/ST,D/ST,15,1,169
2019,Ethan,Duke Johnson,RB,15,2,170
2019,Klapp,DaeSean Hamilton,WR,15,3,171
2019,McGwire,Cole Beasley,WR,15,4,172
2019,Noah,Frank Gore,RB,15,5,173
2019,Carter,Devin Singletary,RB,15,6,174
2019,Haris,Browns D/ST,D/ST,15,7,175
2019,Michael,Albert Wilson,WR,15,8,176
2019,Nathan,Colts D/ST,D/ST,15,9,177
2019,Zach,Marquise Goodwin,WR,15,10,178
2019,Andrew,Kyle Rudolph,TE,15,11,179
2019,Justin,C.J. Anderson,RB,15,12,180
2019,Justin,John Ross,WR,16,1,181
2019,Andrew,Matt Prater,K,16,2,182
2019,Zach,Marqise Lee,WR,16,3,183
2019,Nathan,Michael Badgley,K,16,4,184
2019,Michael,Parris Campbell,WR,16,5,185
2019,Haris,Brett Maher,K,16,6,186
2019,Carter,Zay Jones,WR,16,7,187
2019,Noah,Lamar Jackson,QB,16,8,188
2019,McGwire,J.J. Arcega-Whiteside,WR,16,9,189
2019,Klapp,DJ Chark,WR,16,10,190
2019,Ethan,Mohamed Sanu,WR,16,11,191
2019,Dante,Tre'Quan Smith,WR,16,12,192
2020,Andrew,Dalvin Cook,RB,1,1,1
2020,Ethan,Christian McCaffrey,RB,1,2,2
2020,Nathan,Alvin Kamara,RB,1,3,3
2020,Zach,Michael Thomas,WR,1,4,4
2020,Michael,Clyde Edwards-Helaire,RB,1,5,5
2020,McGwire,Tyreek Hill,WR,1,6,6
2020,Noah,Derrick Henry,RB,1,7,7
2020,Haris,Ezekiel Elliott,RB,1,8,8
2020,Carter,Saquon Barkley,RB,1,9,9
2020,Dante,Nick Chubb,RB,1,10,10
2020,Dante,Aaron Jones Sr.,RB,2,1,11
2020,Carter,James Conner,RB,2,2,12
2020,Haris,Julio Jones,WR,2,3,13
2020,Noah,Davante Adams,WR,2,4,14
2020,McGwire,Austin Ekeler,RB,2,5,15
2020,Michael,Josh Jacobs,RB,2,6,16
2020,Zach,Miles Sanders,RB,2,7,17
2020,Nathan,Kenyan Drake,RB,2,8,18
2020,Ethan,Joe Mixon,RB,2,9,19
2020,Andrew,DeAndre Hopkins,WR,2,10,20
2020,Andrew,Lamar Jackson,QB,3,1,21
2020,Ethan,Travis Kelce,TE,3,2,22
2020,Nathan,George Kittle,TE,3,3,23
2020,Zach,Mike Evans,WR,3,4,24
2020,Michael,DJ Moore,WR,3,5,25
2020,McGwire,Zach Ertz,TE,3,6,26
2020,Noah,Adam Thielen,WR,3,7,27
2020,Haris,Patrick Mahomes,QB,3,8,28
2020,Carter,Chris Godwin Jr.,WR,3,9,29
2020,Dante,Courtland Sutton,WR,3,10,30
2020,Dante,Cooper Kupp,WR,4,1,31
2020,Carter,Kyler Murray,QB,4,2,32
2020,Haris,Le'Veon Bell,RB,4,3,33
2020,Noah,Chris Carson,RB,4,4,34
2020,McGwire,Leonard Fournette,RB,4,5,35
2020,Michael,Calvin Ridley,WR,4,6,36
2020,Zach,David Johnson,RB,4,7,37
2020,Nathan,Amari Cooper,WR,4,8,38
2020,Ethan,Allen Robinson,WR,4,9,39
2020,Andrew,Todd Gurley II,RB,4,10,40
2020,Andrew,JuJu Smith-Schuster,WR,5,1,41
2020,Ethan,Kenny Golladay,WR,5,2,42
2020,Nathan,Odell Beckham Jr.,WR,5,3,43
2020,Zach,Robert Woods,WR,5,4,44
2020,Michael,Darren Waller,TE,5,5,45
2020,McGwire,T.Y. Hilton,WR,5,6,46
2020,Noah,Jonathan Taylor,RB,5,7,47
2020,Haris,A.J. Brown,WR,5,8,48
2020,Carter,Keenan Allen,WR,5,9,49
2020,Dante,Mark Andrews,TE,5,10,50
2020,Dante,Russell Wilson,QB,6,1,51
2020,Carter,Tyler Higbee,TE,6,2,52
2020,Haris,A.J. Green,WR,6,3,53
2020,Noah,Tyler Lockett,WR,6,4,54
2020,McGwire,DK Metcalf,WR,6,5,55
2020,Michael,Deshaun Watson,QB,6,6,56
2020,Zach,Melvin Gordon III,RB,6,7,57
2020,Nathan,David Montgomery,RB,6,8,58
2020,Ethan,Devin Singletary,RB,6,9,59
2020,Andrew,Evan Engram,TE,6,10,60
2020,Andrew,Kareem Hunt,RB,7,1,61
2020,Ethan,Terry McLaurin,WR,7,2,62
2020,Nathan,DJ Chark,WR,7,3,63
2020,Zach,Rob Gronkowski,TE,7,4,64
2020,Michael,DeVante Parker,WR,7,5,65
2020,McGwire,Mark Ingram II,RB,7,6,66
2020,Noah,Hollywood Brown,WR,7,7,67
2020,Haris,Noah Fant,TE,7,8,68
2020,Carter,Cam Akers,RB,7,9,69
2020,Dante,Raheem Mostert,RB,7,10,70
2020,Dante,Julian Edelman,WR,8,1,71
2020,Carter,William Fuller V,WR,8,2,72
2020,Haris,Jerry Jeudy,WR,8,3,73
2020,Noah,J.K. Dobbins,RB,8,4,74
2020,McGwire,CeeDee Lamb,WR,8,5,75
2020,Michael,D'Andre Swift,RB,8,6,76
2020,Zach,Tom Brady,QB,8,7,77
2020,Nathan,Stefon Diggs,WR,8,8,78
2020,Ethan,Drew Brees,QB,8,9,79
2020,Andrew,Deebo Samuel,WR,8,10,80
2020,Andrew,Tarik Cohen,RB,9,1,81
2020,Ethan,Jarvis Landry,WR,9,2,82
2020,Nathan,Tyler Boyd,WR,9,3,83
2020,Zach,Ronald Jones,RB,9,4,84
2020,Michael,Diontae Johnson,WR,9,5,85
2020,McGwire,Matt Ryan,QB,9,6,86
2020,Noah,Dak Prescott,QB,9,7,87
2020,Haris,Mecole Hardman,WR,9,8,88
2020,Carter,49ers D/ST,D/ST,9,9,89
2020,Dante,Marvin Jones Jr.,WR,9,10,90
2020,Dante,Matt Breida,RB,10,1,91
2020,Carter,James White,RB,10,2,92
2020,Haris,Steelers D/ST,D/ST,10,3,93
2020,Noah,Jamison Crowder,WR,10,4,94
2020,McGwire,Henry Ruggs III,WR,10,5,95
2020,Michael,Darrell Henderson Jr.,RB,10,6,96
2020,Zach,Michael Gallup,WR,10,7,97
2020,Nathan,Kerryon Johnson,RB,10,8,98
2020,Ethan,Bills D/ST,D/ST,10,9,99
2020,Andrew,Ravens D/ST,D/ST,10,10,100
2020,Andrew,Harrison Butker,K,11,1,101
2020,Ethan,Phillip Lindsay,RB,11,2,102
2020,Nathan,Justin Jefferson,WR,11,3,103
2020,Zach,Patriots D/ST,D/ST,11,4,104
2020,Michael,Broncos D/ST,D/ST,11,5,105
2020,McGwire,Matt Prater,K,11,6,106
2020,Noah,Hayden Hurst,TE,11,7,107
2020,Haris,Justin Tucker,K,11,8,108
2020,Carter,Gardner Minshew,QB,11,9,109
2020,Dante,Wil Lutz,K,11,10,110
2020,Dante,Aaron Rodgers,QB,12,1,111
2020,Carter,Matt Gay,K,12,2,112
2020,Haris,Daniel Jones,QB,12,3,113
2020,Noah,Alexander Mattison,RB,12,4,114
2020,McGwire,Bears D/ST,D/ST,12,5,115
2020,Michael,Younghoe Koo,K,12,6,116
2020,Zach,Greg Zuerlein,K,12,7,117
2020,Nathan,Jordan Howard,RB,12,8,118
2020,Ethan,Robbie Gould,K,12,9,119
2020,Andrew,Allen Lazard,WR,12,10,120
2020,Andrew,Hunter Henry,TE,13,1,121
2020,Ethan,Zack Moss,RB,13,2,122
2020,Nathan,Colts D/ST,D/ST,13,3,123
2020,Zach,Brandin Cooks,WR,13,4,124
2020,Michael,Tevin Coleman,RB,13,5,125
2020,McGwire,Marlon Mack,RB,13,6,126
2020,Noah,Carson Wentz,QB,13,7,127
2020,Haris,T.J. Hockenson,TE,13,8,128
2020,Carter,N'Keal Harry,TE,13,9,129
2020,Dante,Adrian Peterson,RB,13,10,130
2020,Dante,Anthony Miller,WR,14,1,131
2020,Carter,Cam Newton,QB,14,2,132
2020,Haris,Boston Scott,RB,14,3,133
2020,Noah,Blake Jarwin,TE,14,4,134
2020,McGwire,Matthew Stafford,QB,14,5,135
2020,Michael,Darius Slayton,WR,14,6,136
2020,Zach,Golden Tate,WR,14,7,137
2020,Nathan,Zane Gonzalez,K,14,8,138
2020,Ethan,Austin Hooper,TE,14,9,139
2020,Andrew,Latavius Murray,RB,14,10,140
2020,Andrew,Josh Allen,QB,15,1,141
2020,Ethan,Sterling Shepard,WR,15,2,142
2020,Nathan,Antonio Brown,WR,15,3,143
2020,Zach,Preston Williams,WR,15,4,144
2020,Michael,Darrel Williams,RB,15,5,145
2020,McGwire,John Brown,WR,15,6,146
2020,Noah,Vikings D/ST,D/ST,15,7,147
2020,Haris,Laviska Shenault Jr.,WR,15,8,148
2020,Carter,Jared Cook,TE,15,9,149
2020,Dante,Alshon Jeffery,WR,15,10,150
2020,Dante,Dare Ogunbowale,RB,16,1,151
2020,Carter,Tre'Quan Smith,WR,16,2,152
2020,Haris,Sammy Watkins,WR,16,3,153
2020,Noah,Dan Bailey,K,16,4,154
2020,McGwire,Mike Williams,WR,16,5,155
2020,Michael,DeSean Jackson,WR,16,6,156
2020,Zach,Ben Roethlisberger,QB,16,7,157
2020,Nathan,Joe Burrow,QB,16,8,158
2020,Ethan,C.J. Uzomah,TE,16,9,159
2020,Andrew,Mohamed Sanu,WR,16,10,160
2021,Zach,Christian McCaffrey,RB,1,1,1
2021,Michael,Dalvin Cook,RB,1,2,2
2021,Dante,Alvin Kamara,RB,1,3,3
2021,McGwire,Davante Adams,WR,1,4,4
2021,Carter,Derrick Henry,RB,1,5,5
2021,Noah,Saquon Barkley,RB,1,6,6
2021,Ethan,Ezekiel Elliott,RB,1,7,7
2021,Nathan,Travis Kelce,TE,1,8,8
2021,Haris,Nick Chubb,RB,1,9,9
2021,Andrew,Austin Ekeler,RB,1,10,10
2021,Andrew,Aaron Jones Sr.,RB,2,1,11
2021,Haris,Jonathan Taylor,RB,2,2,12
2021,Nathan,Najee Harris,RB,2,3,13
2021,Ethan,Antonio Gibson,RB,2,4,14
2021,Noah,Tyreek Hill,WR,2,5,15
2021,Carter,DK Metcalf,WR,2,6,16
2021,McGwire,Stefon Diggs,WR,2,7,17
2021,Dante,J.K. Dobbins,RB,2,8,18
2021,Michael,DeAndre Hopkins,WR,2,9,19
2021,Zach,Justin Jefferson,WR,2,10,20
2021,Zach,George Kittle,TE,3,1,21
2021,Michael,Clyde Edwards-Helaire,RB,3,2,22
2021,Dante,Calvin Ridley,WR,3,3,23
2021,McGwire,David Montgomery,RB,3,4,24
2021,Carter,A.J. Brown,WR,3,5,25
2021,Noah,Darren Waller,TE,3,6,26
2021,Ethan,Keenan Allen,WR,3,7,27
2021,Nathan,Joe Mixon,RB,3,8,28
2021,Haris,CeeDee Lamb,WR,3,9,29
2021,Andrew,Mike Evans,WR,3,10,30
2021,Andrew,Robert Woods,WR,4,1,31
2021,Haris,Amari Cooper,WR,4,2,32
2021,Nathan,Terry McLaurin,WR,4,3,33
2021,Ethan,Allen Robinson,WR,4,4,34
2021,Noah,Patrick Mahomes,QB,4,5,35
2021,Carter,James Robinson,RB,4,6,36
2021,McGwire,Chris Carson,RB,4,7,37
2021,Dante,Tyler Lockett,WR,4,8,38
2021,Michael,Chris Godwin Jr.,WR,4,9,39
2021,Zach,Julio Jones,WR,4,10,40
2021,Zach,Josh Allen,QB,5,1,41
2021,Michael,Kyler Murray,QB,5,2,42
2021,Dante,Miles Sanders,RB,5,3,43
2021,McGwire,Adam Thielen,WR,5,4,44
2021,Carter,Lamar Jackson,QB,5,5,45
2021,Noah,Josh Jacobs,RB,5,6,46
2021,Ethan,Dak Prescott,QB,5,7,47
2021,Nathan,Brandon Aiyuk,WR,5,8,48
2021,Haris,Odell Beckham Jr.,WR,5,9,49
2021,Andrew,Mark Andrews,TE,5,10,50
2021,Andrew,Aaron Rodgers,QB,6,1,51
2021,Haris,Cooper Kupp,WR,6,2,52
2021,Nathan,D'Andre Swift,RB,6,3,53
2021,Ethan,Kyle Pitts Sr.,TE,6,4,54
2021,Noah,Kareem Hunt,RB,6,5,55
2021,Carter,T.J. Hockenson,TE,6,6,56
2021,McGwire,Russell Wilson,QB,6,7,57
2021,Dante,Diontae Johnson,WR,6,8,58
2021,Michael,Noah Fant,TE,6,9,59
2021,Zach,Chase Edmonds,RB,6,10,60
2021,Zach,Michael Thomas,WR,7,1,61
2021,Michael,DJ Moore,WR,7,2,62
2021,Dante,Mike Davis,RB,7,3,63
2021,McGwire,Robert Tonyan,TE,7,4,64
2021,Carter,Ja'Marr Chase,WR,7,5,65
2021,Noah,Tee Higgins,WR,7,6,66
2021,Ethan,JuJu Smith-Schuster,WR,7,7,67
2021,Nathan,Robbie Chosen,WR,7,8,68
2021,Haris,Logan Thomas,TE,7,9,69
2021,Andrew,Javonte Williams,RB,7,10,70
2021,Andrew,Brandin Cooks,WR,8,1,71
2021,Haris,Justin Herbert,QB,8,2,72
2021,Nathan,Myles Gaskin,RB,8,3,73
2021,Ethan,Jerry Jeudy,WR,8,4,74
2021,Noah,Kenny Golladay,WR,8,5,75
2021,Carter,Chase Claypool,WR,8,6,76
2021,McGwire,Justin Tucker,K,8,7,77
2021,Dante,Courtland Sutton,WR,8,8,78
2021,Michael,Damien Harris,RB,8,9,79
2021,Zach,William Fuller V,WR,8,10,80
2021,Zach,Tyler Boyd,WR,9,1,81
2021,Michael,DeVonta Smith,WR,9,2,82
2021,Dante,Irv Smith Jr.,TE,9,3,83
2021,McGwire,Marvin Jones Jr.,WR,9,4,84
2021,Carter,Laviska Shenault Jr.,WR,9,5,85
2021,Noah,Darrell Henderson Jr.,RB,9,6,86
2021,Ethan,Raheem Mostert,RB,9,7,87
2021,Nathan,Antonio Brown,WR,9,8,88
2021,Haris,DJ Chark,WR,9,9,89
2021,Andrew,Michael Gallup,WR,9,10,90
2021,Andrew,Leonard Fournette,RB,10,1,91
2021,Haris,Kenyan Drake,RB,10,2,92
2021,Nathan,Michael Carter,RB,10,3,93
2021,Ethan,Buccaneers D/ST,D/ST,10,4,94
2021,Noah,Corey Davis,WR,10,5,95
2021,Carter,Deebo Samuel,WR,10,6,96
2021,McGwire,Ravens D/ST,D/ST,10,7,97
2021,Dante,AJ Dillon,RB,10,8,98
2021,Michael,Rams D/ST,D/ST,10,9,99
2021,Zach,Sony Michel,RB,10,10,100
2021,Zach,Hollywood Brown,WR,11,1,101
2021,Michael,Harrison Butker,K,11,2,102
2021,Dante,Jarvis Landry,WR,11,3,103
2021,McGwire,Mike Williams,WR,11,4,104
2021,Carter,Ronald Jones,RB,11,5,105
2021,Noah,Jaylen Waddle,WR,11,6,106
2021,Ethan,Henry Ruggs III,WR,11,7,107
2021,Nathan,Trey Lance,QB,11,8,108
2021,Haris,James Conner,RB,11,9,109
2021,Andrew,Zack Moss,RB,11,10,110
2021,Andrew,Dallas Goedert,TE,12,1,111
2021,Haris,Jonnu Smith,TE,12,2,112
2021,Nathan,Tom Brady,QB,12,3,113
2021,Ethan,Marquez Callaway,WR,12,4,114
2021,Noah,Melvin Gordon III,RB,12,5,115
2021,Carter,Trey Sermon,RB,12,6,116
2021,McGwire,Curtis Samuel,WR,12,7,117
2021,Dante,Ryan Tannehill,QB,12,8,118
2021,Michael,Jamaal Williams,RB,12,9,119
2021,Zach,Mike Gesicki,TE,12,10,120
2021,Zach,Nyheim Miller-Hines,RB,13,1,121
2021,Michael,Cole Beasley,WR,13,2,122
2021,Dante,Elijah Moore,WR,13,3,123
2021,McGwire,Jameis Winston,QB,13,4,124
2021,Carter,Matthew Stafford,QB,13,5,125
2021,Noah,David Johnson,RB,13,6,126
2021,Ethan,Younghoe Koo,K,13,7,127
2021,Nathan,Steelers D/ST,D/ST,13,8,128
2021,Haris,Greg Zuerlein,K,13,9,129
2021,Andrew,Graham Gano,K,13,10,130
2021,Andrew,Trevor Lawrence,QB,14,1,131
2021,Haris,Tony Pollard,RB,14,2,132
2021,Nathan,Darnell Mooney,WR,14,3,133
2021,Ethan,Jalen Reagor,WR,14,4,134
2021,Noah,Mecole Hardman,WR,14,5,135
2021,Carter,Michael Pittman Jr.,WR,14,6,136
2021,McGwire,T.Y. Hilton,WR,14,7,137
2021,Dante,Commanders D/ST,D/ST,14,8,138
2021,Michael,Jakobi Meyers,WR,14,9,139
2021,Zach,Phillip Lindsay,RB,14,10,140
2021,Zach,49ers D/ST,D/ST,15,1,141
2021,Michael,Devin Singletary,RB,15,2,142
2021,Dante,Matt Gay,K,15,3,143
2021,McGwire,J.D. McKissic,RB,15,4,144
2021,Carter,Bills D/ST,D/ST,15,5,145
2021,Noah,Jason Myers,K,15,6,146
2021,Ethan,Joe Burrow,QB,15,7,147
2021,Nathan,Brandon McManus,K,15,8,148
2021,Haris,Cowboys D/ST,D/ST,15,9,149
2021,Andrew,Browns D/ST,D/ST,15,10,150
2021,Andrew,James White,RB,16,1,151
2021,Haris,Quintez Cephus,WR,16,2,152
2021,Nathan,Tyler Higbee,TE,16,3,153
2021,Ethan,Tyrell Williams,WR,16,4,154
2021,Noah,Patriots D/ST,D/ST,16,5,155
2021,Carter,Rodrigo Blankenship,K,16,6,156
2021,McGwire,Jalen Hurts,QB,16,7,157
2021,Dante,Rondale Moore,WR,16,8,158
2021,Michael,DeVante Parker,WR,16,9,159
2021,Zach,Jason Sanders,K,16,10,160
2022,Michael,Jonathan Taylor,RB,1,1,1
2022,Tyler,Austin Ekeler,RB,1,2,2
2022,Haris,Cooper Kupp,WR,1,3,3
2022,Dante,Najee Harris,RB,1,4,4
2022,Carter,Justin Jefferson,WR,1,5,5
2022,Andrew,Christian McCaffrey,RB,1,6,6
2022,Zach,Deebo Samuel,WR,1,7,7
2022,Noah,Ja'Marr Chase,WR,1,8,8
2022,Kevin,Davante Adams,WR,1,9,9
2022,Ethan,Derrick Henry,RB,1,10,10
2022,Nathan,Dalvin Cook,RB,1,11,11
2022,McGwire,Stefon Diggs,WR,1,12,12
2022,McGwire,Alvin Kamara,RB,2,1,13
2022,Nathan,Joe Mixon,RB,2,2,14
2022,Ethan,Leonard Fournette,RB,2,3,15
2022,Kevin,Travis Kelce,TE,2,4,16
2022,Noah,CeeDee Lamb,WR,2,5,17
2022,Zach,Aaron Jones Sr.,RB,2,6,18
2022,Andrew,Javonte Williams,RB,2,7,19
2022,Carter,D'Andre Swift,RB,2,8,20
2022,Dante,Saquon Barkley,RB,2,9,21
2022,Haris,Mark Andrews,TE,2,10,22
2022,Tyler,Keenan Allen,WR,2,11,23
2022,Michael,Cam Akers,RB,2,12,24
2022,Michael,Tee Higgins,WR,3,1,25
2022,Tyler,Ezekiel Elliott,RB,3,2,26
2022,Haris,James Conner,RB,3,3,27
2022,Dante,Nick Chubb,RB,3,4,28
2022,Carter,David Montgomery,RB,3,5,29
2022,Andrew,Mike Evans,WR,3,6,30
2022,Zach,Josh Allen,QB,3,7,31
2022,Noah,Tyreek Hill,WR,3,8,32
2022,Kevin,Michael Pittman Jr.,WR,3,9,33
2022,Ethan,DJ Moore,WR,3,10,34
2022,Nathan,Breece Hall,RB,3,11,35
2022,McGwire,Diontae Johnson,WR,3,12,36
2022,McGwire,Travis Etienne Jr.,RB,4,1,37
2022,Nathan,Mike Williams,WR,4,2,38
2022,Ethan,Brandin Cooks,WR,4,3,39
2022,Kevin,J.K. Dobbins,RB,4,4,40
2022,Noah,Kyle Pitts Sr.,TE,4,5,41
2022,Zach,George Kittle,TE,4,6,42
2022,Andrew,Amon-Ra St. Brown,WR,4,7,43
2022,Carter,Terry McLaurin,WR,4,8,44
2022,Dante,A.J. Brown,WR,4,9,45
2022,Haris,Josh Jacobs,RB,4,10,46
2022,Tyler,Packers D/ST,D/ST,4,11,47
2022,Michael,Hollywood Brown,WR,4,12,48
2022,Michael,Darren Waller,TE,5,1,49
2022,Tyler,Nick Folk,K,5,2,50
2022,Haris,Justin Herbert,QB,5,3,51
2022,Dante,DK Metcalf,WR,5,4,52
2022,Carter,Patrick Mahomes,QB,5,5,53
2022,Andrew,Courtland Sutton,WR,5,6,54
2022,Zach,Jerry Jeudy,WR,5,7,55
2022,Noah,Lamar Jackson,QB,5,8,56
2022,Kevin,Miles Sanders,RB,5,9,57
2022,Ethan,Chris Godwin Jr.,WR,5,10,58
2022,Nathan,Allen Robinson,WR,5,11,59
2022,McGwire,Elijah Mitchell,RB,5,12,60
2022,McGwire,Michael Thomas,WR,6,1,61
2022,Nathan,JuJu Smith-Schuster,WR,6,2,62
2022,Ethan,Antonio Gibson,RB,6,3,63
2022,Kevin,Darnell Mooney,WR,6,4,64
2022,Noah,Devin Singletary,RB,6,5,65
2022,Zach,Rashaad Penny,RB,6,6,66
2022,Andrew,Kyler Murray,QB,6,7,67
2022,Carter,Cordarrelle Patterson,RB,6,8,68
2022,Dante,Hunter Renfrow,WR,6,9,69
2022,Haris,Adam Thielen,WR,6,10,70
2022,Tyler,Matthew Stafford,QB,6,11,71
2022,Michael,Jaylen Waddle,WR,6,12,72
2022,Michael,Jalen Hurts,QB,7,1,73
2022,Tyler,Dak Prescott,QB,7,2,74
2022,Haris,Clyde Edwards-Helaire,RB,7,3,75
2022,Dante,T.J. Hockenson,TE,7,4,76
2022,Carter,DeVonta Smith,WR,7,5,77
2022,Andrew,Dalton Schultz,TE,7,6,78
2022,Zach,Allen Lazard,WR,7,7,79
2022,Noah,Kareem Hunt,RB,7,8,80
2022,Kevin,AJ Dillon,RB,7,9,81
2022,Ethan,Gabe Davis,WR,7,10,82
2022,Nathan,Amari Cooper,WR,7,11,83
2022,McGwire,Rashod Bateman,WR,7,12,84
2022,McGwire,Pat Freiermuth,TE,8,1,85
2022,Nathan,Dameon Pierce,RB,8,2,86
2022,Ethan,Christian Kirk,WR,8,3,87
2022,Kevin,DeAndre Hopkins,WR,8,4,88
2022,Noah,Tony Pollard,RB,8,5,89
2022,Zach,Bills D/ST,D/ST,8,6,90
2022,Andrew,Rhamondre Stevenson,RB,8,7,91
2022,Carter,Dallas Goedert,TE,8,8,92
2022,Dante,Aaron Rodgers,QB,8,9,93
2022,Haris,Chris Olave,WR,8,10,94
2022,Tyler,Drake London,WR,8,11,95
2022,Michael,Elijah Moore,WR,8,12,96
2022,Michael,Tyler Lockett,WR,9,1,97
2022,Tyler,Kadarius Toney,WR,9,2,98
2022,Haris,Garrett Wilson,WR,9,3,99
2022,Dante,Chase Edmonds,RB,9,4,100
2022,Carter,Brandon Aiyuk,WR,9,5,101
2022,Andrew,Chase Claypool,WR,9,6,102
2022,Zach,Robert Woods,WR,9,7,103
2022,Noah,Damien Harris,RB,9,8,104
2022,Kevin,Derek Carr,QB,9,9,105
2022,Ethan,Zach Ertz,TE,9,10,106
2022,Nathan,Joe Burrow,QB,9,11,107
2022,McGwire,Tom Brady,QB,9,12,108
2022,McGwire,Justin Tucker,K,10,1,109
2022,Nathan,Mike Gesicki,TE,10,2,110
2022,Ethan,Trey Lance,QB,10,3,111
2022,Kevin,Melvin Gordon III,RB,10,4,112
2022,Noah,Marquez Valdes-Scantling,WR,10,5,113
2022,Zach,Evan McPherson,K,10,6,114
2022,Andrew,James Cook III,RB,10,7,115
2022,Carter,James Robinson,RB,10,8,116
2022,Dante,Nyheim Miller-Hines,RB,10,9,117
2022,Haris,Skyy Moore,WR,10,10,118
2022,Tyler,Russell Wilson,QB,10,11,119
2022,Michael,Jakobi Meyers,WR,10,12,120
2022,Michael,Saints D/ST,D/ST,11,1,121
2022,Tyler,Kenneth Walker III,RB,11,2,122
2022,Haris,Kenny Golladay,WR,11,3,123
2022,Dante,George Pickens,WR,11,4,124
2022,Carter,Matt Gay,K,11,5,125
2022,Andrew,Hunter Henry,TE,11,6,126
2022,Zach,DJ Chark,WR,11,7,127
2022,Noah,Treylon Burks,WR,11,8,128
2022,Kevin,Kirk Cousins,QB,11,9,129
2022,Ethan,Robbie Chosen,WR,11,10,130
2022,Nathan,Harrison Butker,K,11,11,131
2022,McGwire,Jarvis Landry,WR,11,12,132
2022,McGwire,Ravens D/ST,D/ST,12,1,133
2022,Nathan,Jahan Dotson,WR,12,2,134
2022,Ethan,Michael Carter,RB,12,3,135
2022,Kevin,Tyler Boyd,WR,12,4,136
2022,Noah,J.D. McKissic,RB,12,5,137
2022,Zach,Marvin Jones Jr.,WR,12,6,138
2022,Andrew,Tyler Bass,K,12,7,139
2022,Carter,Tua Tagovailoa,QB,12,8,140
2022,Dante,Dawson Knox,TE,12,9,141
2022,Haris,Joshua Palmer,WR,12,10,142
2022,Tyler,Russell Gage Jr.,WR,12,11,143
2022,Michael,Noah Fant,TE,12,12,144
2022,Michael,Jalen Tolbert,WR,13,1,145
2022,Tyler,Cole Kmet,TE,13,2,146
2022,Haris,Buccaneers D/ST,D/ST,13,3,147
2022,Dante,Jamaal Williams,RB,13,4,148
2022,Carter,Irv Smith Jr.,TE,13,5,149
2022,Andrew,Colts D/ST,D/ST,13,6,150
2022,Zach,Raheem Mostert,RB,13,7,151
2022,Noah,Daniel Carlson,K,13,8,152
2022,Kevin,49ers D/ST,D/ST,13,9,153
2022,Ethan,DeVante Parker,WR,13,10,154
2022,Nathan,Cowboys D/ST,D/ST,13,11,155
2022,McGwire,David Njoku,TE,13,12,156
2022,McGwire,Alexander Mattison,RB,14,1,157
2022,Nathan,Brian Robinson Jr.,RB,14,2,158
2022,Ethan,Brandon McManus,K,14,3,159
2022,Kevin,Tyler Higbee,TE,14,4,160
2022,Noah,Steelers D/ST,D/ST,14,5,161
2022,Zach,Julio Jones,WR,14,6,162
2022,Andrew,Trevor Lawrence,QB,14,7,163
2022,Carter,Rondale Moore,WR,14,8,164
2022,Dante,Christian Watson,WR,14,9,165
2022,Haris,Matt Prater,K,14,10,166
2022,Tyler,Justin Fields,QB,14,11,167
2022,Michael,Greg Joseph,K,14,12,168
2022,Michael,Isaiah Spiller,RB,15,1,169
2022,Tyler,Commanders D/ST,D/ST,15,2,170
2022,Haris,Wan'Dale Robinson,WR,15,3,171
2022,Dante,Rodrigo Blankenship,K,15,4,172
2022,Carter,Marlon Mack,RB,15,5,173
2022,Andrew,Van Jefferson,WR,15,6,174
2022,Zach,Ihmir Smith-Marsette,WR,15,7,175
2022,Noah,Curtis Samuel,WR,15,8,176
2022,Kevin,Robbie Gould,K,15,9,177
2022,Ethan,Michael Gallup,WR,15,10,178
2022,Nathan,Alec Pierce,WR,15,11,179
2022,McGwire,Graham Gano,K,15,12,180
2022,McGwire,Darrell Henderson Jr.,RB,16,1,181
2022,Nathan,Evan Engram,TE,16,2,182
2022,Ethan,Chargers D/ST,D/ST,16,3,183
2022,Kevin,Bengals D/ST,D/ST,16,4,184
2022,Noah,Kenneth Gainwell,RB,16,5,185
2022,Zach,Robert Griffin III,QB,16,6,186
2022,Andrew,Rex Burkhead,RB,16,7,187
2022,Carter,Patriots D/ST,D/ST,16,8,188
2022,Dante,Eagles D/ST,D/ST,16,9,189
2022,Haris,Albert Okwuegbunam Jr.,TE,16,10,190
2022,Tyler,Khalil Herbert,RB,16,11,191
2022,Michael,Deshaun Watson,QB,16,12,192
2023,Michael,Justin Jefferson,WR,1,1,1
2023,Andrew,Ja'Marr Chase,WR,1,2,2
2023,Kevin,Christian McCaffrey,RB,1,3,3
2023,Noah,Austin Ekeler,RB,1,4,4
2023,McGwire,Cooper Kupp,WR,1,5,5
2023,Nathan,Travis Kelce,TE,1,6,6
2023,Ethan,Tyreek Hill,WR,1,7,7
2023,Zach,Bijan Robinson,RB,1,8,8
2023,Dante,Stefon Diggs,WR,1,9,9
2023,Tyler,Davante Adams,WR,1,10,10
2023,Carter,Saquon Barkley,RB,1,11,11
2023,Haris,Tony Pollard,RB,1,12,12
2023,Haris,CeeDee Lamb,WR,2,1,13
2023,Carter,Derrick Henry,RB,2,2,14
2023,Tyler,Nick Chubb,RB,2,3,15
2023,Dante,Garrett Wilson,WR,2,4,16
2023,Zach,A.J. Brown,WR,2,5,17
2023,Ethan,Amon-Ra St. Brown,WR,2,6,18
2023,Nathan,Josh Jacobs,RB,2,7,19
2023,McGwire,Jonathan Taylor,RB,2,8,20
2023,Noah,Joe Mixon,RB,2,9,21
2023,Kevin,Chris Olave,WR,2,10,22
2023,Andrew,DK Metcalf,WR,2,11,23
2023,Michael,Travis Etienne Jr.,RB,2,12,24
2023,Michael,Patrick Mahomes,QB,3,1,25
2023,Andrew,Josh Allen,QB,3,2,26
2023,Kevin,Jaylen Waddle,WR,3,3,27
2023,Noah,Calvin Ridley,WR,3,4,28
2023,McGwire,Najee Harris,RB,3,5,29
2023,Nathan,Jalen Hurts,QB,3,6,30
2023,Ethan,Tee Higgins,WR,3,7,31
2023,Zach,Jahmyr Gibbs,RB,3,8,32
2023,Dante,DeVonta Smith,WR,3,9,33
2023,Tyler,Lamar Jackson,QB,3,10,34
2023,Carter,Aaron Jones Sr.,RB,3,11,35
2023,Haris,Mark Andrews,TE,3,12,36
2023,Haris,Deebo Samuel,WR,4,1,37
2023,Carter,Keenan Allen,WR,4,2,38
2023,Tyler,DeAndre Hopkins,WR,4,3,39
2023,Dante,Alvin Kamara,RB,4,4,40
2023,Zach,Christian Watson,WR,4,5,41
2023,Ethan,Justin Fields,QB,4,6,42
2023,Nathan,Rhamondre Stevenson,RB,4,7,43
2023,McGwire,George Pickens,WR,4,8,44
2023,Noah,Joe Burrow,QB,4,9,45
2023,Kevin,Diontae Johnson,WR,4,10,46
2023,Andrew,Breece Hall,RB,4,11,47
2023,Michael,Amari Cooper,WR,4,12,48
2023,Michael,Miles Sanders,RB,5,1,49
2023,Andrew,T.J. Hockenson,TE,5,2,50
2023,Kevin,Rachaad White,RB,5,3,51
2023,Noah,Darren Waller,TE,5,4,52
2023,McGwire,Alexander Mattison,RB,5,5,53
2023,Nathan,Dameon Pierce,RB,5,6,54
2023,Ethan,Kenneth Walker III,RB,5,7,55
2023,Zach,Justin Herbert,QB,5,8,56
2023,Dante,James Cook III,RB,5,9,57
2023,Tyler,James Conner,RB,5,10,58
2023,Carter,Mike Evans,WR,5,11,59
2023,Haris,Trevor Lawrence,QB,5,12,60
2023,Haris,Mike Williams,WR,6,1,61
2023,Carter,Kirk Cousins,QB,6,2,62
2023,Tyler,George Kittle,TE,6,3,63
2023,Dante,Dallas Goedert,TE,6,4,64
2023,Zach,Tyler Lockett,WR,6,5,65
2023,Ethan,Hollywood Brown,WR,6,6,66
2023,Nathan,Chris Godwin Jr.,WR,6,7,67
2023,McGwire,Pat Freiermuth,TE,6,8,68
2023,Noah,DJ Moore,WR,6,9,69
2023,Kevin,Kyle Pitts Sr.,TE,6,10,70
2023,Andrew,Javonte Williams,RB,6,11,71
2023,Michael,Evan Engram,TE,6,12,72
2023,Michael,Cam Akers,RB,7,1,73
2023,Andrew,Isiah Pacheco,RB,7,2,74
2023,Kevin,Dak Prescott,QB,7,3,75
2023,Noah,Terry McLaurin,WR,7,4,76
2023,McGwire,Anthony Richardson Sr.,QB,7,5,77
2023,Nathan,Drake London,WR,7,6,78
2023,Ethan,David Montgomery,RB,7,7,79
2023,Zach,Brandin Cooks,WR,7,8,80
2023,Dante,Brandon Aiyuk,WR,7,9,81
2023,Tyler,Jahan Dotson,WR,7,10,82
2023,Carter,Jerry Jeudy,WR,7,11,83
2023,Haris,Jaxon Smith-Njigba,WR,7,12,84
2023,Haris,Christian Kirk,WR,8,1,85
2023,Carter,Deshaun Watson,QB,8,2,86
2023,Tyler,D'Andre Swift,RB,8,3,87
2023,Dante,Antonio Gibson,RB,8,4,88
2023,Zach,Tyler Higbee,TE,8,5,89
2023,Ethan,David Njoku,TE,8,6,90
2023,Nathan,J.K. Dobbins,RB,8,7,91
2023,McGwire,Michael Thomas,WR,8,8,92
2023,Noah,Michael Pittman Jr.,WR,8,9,93
2023,Kevin,Khalil Herbert,RB,8,10,94
2023,Andrew,Courtland Sutton,WR,8,11,95
2023,Michael,AJ Dillon,RB,8,12,96
2023,Michael,Skyy Moore,WR,9,1,97
2023,Andrew,Brian Robinson Jr.,RB,9,2,98
2023,Kevin,Justin Tucker,K,9,3,99
2023,Noah,Jordan Addison,WR,9,4,100
2023,McGwire,Zay Flowers,WR,9,5,101
2023,Nathan,Dalvin Cook,RB,9,6,102
2023,Ethan,Jamaal Williams,RB,9,7,103
2023,Zach,Odell Beckham Jr.,WR,9,8,104
2023,Dante,Tua Tagovailoa,QB,9,9,105
2023,Tyler,JuJu Smith-Schuster,WR,9,10,106
2023,Carter,Cole Kmet,TE,9,11,107
2023,Haris,Gabe Davis,WR,9,12,108
2023,Haris,Michael Gallup,WR,10,1,109
2023,Carter,Jakobi Meyers,WR,10,2,110
2023,Tyler,Jerick McKinnon,RB,10,3,111
2023,Dante,Quentin Johnston,WR,10,4,112
2023,Zach,49ers D/ST,D/ST,10,5,113
2023,Ethan,Nico Collins,WR,10,6,114
2023,Nathan,Treylon Burks,WR,10,7,115
2023,McGwire,Aaron Rodgers,QB,10,8,116
2023,Noah,Samaje Perine,RB,10,9,117
2023,Kevin,DJ Chark,WR,10,10,118
2023,Andrew,Rondale Moore,WR,10,11,119
2023,Michael,Younghoe Koo,K,10,12,120
2023,Michael,Elijah Moore,WR,11,1,121
2023,Andrew,Darnell Mooney,WR,11,2,122
2023,Kevin,Daniel Jones,QB,11,3,123
2023,Noah,Adam Thielen,WR,11,4,124
2023,McGwire,Evan McPherson,K,11,5,125
2023,Nathan,Zach Charbonnet,RB,11,6,126
2023,Ethan,Kadarius Toney,WR,11,7,127
2023,Zach,Zach Ertz,TE,11,8,128
2023,Dante,Jaylen Warren,RB,11,9,129
2023,Tyler,Steelers D/ST,D/ST,11,10,130
2023,Carter,Jeff Wilson Jr.,RB,11,11,131
2023,Haris,Ezekiel Elliott,RB,11,12,132
2023,Haris,Cowboys D/ST,D/ST,12,1,133
2023,Carter,Rashaad Penny,RB,12,2,134
2023,Tyler,Devin Singletary,RB,12,3,135
2023,Dante,Eagles D/ST,D/ST,12,4,136
2023,Zach,Daniel Carlson,K,12,5,137
2023,Ethan,Elijah Mitchell,RB,12,6,138
2023,Nathan,Dalton Kincaid,TE,12,7,139
2023,McGwire,Ravens D/ST,D/ST,12,8,140
2023,Noah,Tyler Allgeier,RB,12,9,141
2023,Kevin,Jets D/ST,D/ST,12,10,142
2023,Andrew,Saints D/ST,D/ST,12,11,143
2023,Michael,Bills D/ST,D/ST,12,12,144
2023,Michael,Tyler Boyd,WR,13,1,145
2023,Andrew,Harrison Butker,K,13,2,146
2023,Kevin,Dalton Schultz,TE,13,3,147
2023,Noah,Geno Smith,QB,13,4,148
2023,McGwire,Raheem Mostert,RB,13,5,149
2023,Nathan,Romeo Doubs,WR,13,6,150
2023,Ethan,Allen Lazard,WR,13,7,151
2023,Zach,K.J. Osborn,WR,13,8,152
2023,Dante,Greg Dulcich,TE,13,9,153
2023,Tyler,Graham Gano,K,13,10,154
2023,Carter,Dolphins D/ST,D/ST,13,11,155
2023,Haris,Tank Bigsby,RB,13,12,156
2023,Haris,Jake Elliott,K,14,1,157
2023,Carter,Russell Wilson,QB,14,2,158
2023,Tyler,Jayden Reed,WR,14,3,159
2023,Dante,De'Von Achane,RB,14,4,160
2023,Zach,Hunter Renfrow,WR,14,5,161
2023,Ethan,Browns D/ST,D/ST,14,6,162
2023,Nathan,Tyler Bass,K,14,7,163
2023,McGwire,Gus Edwards,RB,14,8,164
2023,Noah,Rashod Bateman,WR,14,9,165
2023,Kevin,Roschon Johnson,RB,14,10,166
2023,Andrew,Gerald Everett,TE,14,11,167
2023,Michael,Kyren Williams,RB,14,12,168
2023,Michael,Chig Okonkwo,TE,15,1,169
2023,Andrew,Brock Purdy,QB,15,2,170
2023,Kevin,D'Onta Foreman,RB,15,3,171
2023,Noah,Brett Maher,K,15,4,172
2023,McGwire,Damien Harris,RB,15,5,173
2023,Nathan,Patriots D/ST,D/ST,15,6,174
2023,Ethan,Brandon McManus,K,15,7,175
2023,Zach,Zay Jones,WR,15,8,176
2023,Dante,Jason Myers,K,15,9,177
2023,Tyler,Jared Goff,QB,15,10,178
2023,Carter,Matt Gay,K,15,11,179
2023,Haris,Deuce Vaughn,RB,15,12,180
2023,Haris,Trey Lance,QB,16,1,181
2023,Carter,Sam LaPorta,TE,16,2,182
2023,Tyler,Jonathan Mingo,WR,16,3,183
2023,Dante,Van Jefferson,WR,16,4,184
2023,Zach,Packers D/ST,D/ST,16,5,185
2023,Ethan,Jameson Williams,WR,16,6,186
2023,Nathan,Parris Campbell,WR,16,7,187
2023,McGwire,Tyjae Spears,RB,16,8,188
2023,Noah,Commanders D/ST,D/ST,16,9,189
2023,Kevin,Kenneth Gainwell,RB,16,10,190
2023,Andrew,Tyler Conklin,TE,16,11,191
2023,Michael,Chase Claypool,WR,16,12,192
2024,Nathan,Christian McCaffrey,RB,1,1,1
2024,Noah,Breece Hall,RB,1,2,2
2024,Haris,CeeDee Lamb,WR,1,3,3
2024,McGwire,Tyreek Hill,WR,1,4,4
2024,Andrew,Amon-Ra St. Brown,WR,1,5,5
2024,Kevin,Bijan Robinson,RB,1,6,6
2024,Tyler,Jonathan Taylor,RB,1,7,7
2024,Zach,Justin Jefferson,WR,1,8,8
2024,Michael,Saquon Barkley,RB,1,9,9
2024,Dante,A.J. Brown,WR,1,10,10
2024,Carter,Ja'Marr Chase,WR,1,11,11
2024,Ethan,Puka Nacua,WR,1,12,12
2024,Ethan,Mike Evans,WR,2,1,13
2024,Carter,Garrett Wilson,WR,2,2,14
2024,Dante,Marvin Harrison Jr.,WR,2,3,15
2024,Michael,Michael Pittman Jr.,WR,2,4,16
2024,Zach,Jahmyr Gibbs,RB,2,5,17
2024,Tyler,Isiah Pacheco,RB,2,6,18
2024,Kevin,Kyren Williams,RB,2,7,19
2024,Andrew,Davante Adams,WR,2,8,20
2024,McGwire,Travis Etienne Jr.,RB,2,9,21
2024,Haris,Travis Kelce,TE,2,10,22
2024,Noah,Chris Olave,WR,2,11,23
2024,Nathan,Drake London,WR,2,12,24
2024,Nathan,Derrick Henry,RB,3,1,25
2024,Noah,De'Von Achane,RB,3,2,26
2024,Haris,Sam LaPorta,TE,3,3,27
2024,McGwire,Stefon Diggs,WR,3,4,28
2024,Andrew,Joe Mixon,RB,3,5,29
2024,Kevin,Nico Collins,WR,3,6,30
2024,Tyler,Josh Allen,QB,3,7,31
2024,Zach,Josh Jacobs,RB,3,8,32
2024,Michael,James Cook III,RB,3,9,33
2024,Dante,DK Metcalf,WR,3,10,34
2024,Carter,DeVonta Smith,WR,3,11,35
2024,Ethan,Kenneth Walker III,RB,3,12,36
2024,Ethan,Rhamondre Stevenson,RB,4,1,37
2024,Carter,Alvin Kamara,RB,4,2,38
2024,Dante,Cooper Kupp,WR,4,3,39
2024,Michael,Brandon Aiyuk,WR,4,4,40
2024,Zach,DJ Moore,WR,4,5,41
2024,Tyler,Rachaad White,RB,4,6,42
2024,Kevin,Deebo Samuel,WR,4,7,43
2024,Andrew,Trey McBride,TE,4,8,44
2024,McGwire,C.J. Stroud,QB,4,9,45
2024,Haris,Patrick Mahomes,QB,4,10,46
2024,Noah,Jaylen Waddle,WR,4,11,47
2024,Nathan,Malik Nabers,WR,4,12,48
2024,Nathan,Mark Andrews,TE,5,1,49
2024,Noah,Jalen Hurts,QB,5,2,50
2024,Haris,Calvin Ridley,WR,5,3,51
2024,McGwire,George Kittle,TE,5,4,52
2024,Andrew,Lamar Jackson,QB,5,5,53
2024,Kevin,Tee Higgins,WR,5,6,54
2024,Tyler,Zay Flowers,WR,5,7,55
2024,Zach,Dak Prescott,QB,5,8,56
2024,Michael,Dalton Kincaid,TE,5,9,57
2024,Dante,Evan Engram,TE,5,10,58
2024,Carter,David Montgomery,RB,5,11,59
2024,Ethan,Kyle Pitts Sr.,TE,5,12,60
2024,Ethan,Zamir White,RB,6,1,61
2024,Carter,Aaron Jones Sr.,RB,6,2,62
2024,Dante,D'Andre Swift,RB,6,3,63
2024,Michael,James Conner,RB,6,4,64
2024,Zach,Tank Dell,WR,6,5,65
2024,Tyler,Jayden Reed,WR,6,6,66
2024,Kevin,Chris Godwin Jr.,WR,6,7,67
2024,Andrew,George Pickens,WR,6,8,68
2024,McGwire,Keenan Allen,WR,6,9,69
2024,Haris,Rashee Rice,WR,6,10,70
2024,Noah,Amari Cooper,WR,6,11,71
2024,Nathan,Anthony Richardson Sr.,QB,6,12,72
2024,Nathan,Terry McLaurin,WR,7,1,73
2024,Noah,Jaxon Smith-Njigba,WR,7,2,74
2024,Haris,Rome Odunze,WR,7,3,75
2024,McGwire,Javonte Williams,RB,7,4,76
2024,Andrew,Brian Robinson Jr.,RB,7,5,77
2024,Kevin,Jordan Love,QB,7,6,78
2024,Tyler,Jake Ferguson,TE,7,7,79
2024,Zach,Ezekiel Elliott,RB,7,8,80
2024,Michael,Diontae Johnson,WR,7,9,81
2024,Dante,Joe Burrow,QB,7,10,82
2024,Carter,David Njoku,TE,7,11,83
2024,Ethan,Kyler Murray,QB,7,12,84
2024,Ethan,Christian Watson,WR,8,1,85
2024,Carter,Brock Purdy,QB,8,2,86
2024,Dante,Tony Pollard,RB,8,3,87
2024,Michael,Aaron Rodgers,QB,8,4,88
2024,Zach,Hollywood Brown,WR,8,5,89
2024,Tyler,Najee Harris,RB,8,6,90
2024,Kevin,Dallas Goedert,TE,8,7,91
2024,Andrew,Christian Kirk,WR,8,8,92
2024,McGwire,Jerome Ford,RB,8,9,93
2024,Haris,Austin Ekeler,RB,8,10,94
2024,Noah,Tyjae Spears,RB,8,11,95
2024,Nathan,Jonathon Brooks,RB,8,12,96
2024,Nathan,DeAndre Hopkins,WR,9,1,97
2024,Noah,Nick Chubb,RB,9,2,98
2024,Haris,Raheem Mostert,RB,9,3,99
2024,McGwire,Justin Tucker,K,9,4,100
2024,Andrew,Jaylen Warren,RB,9,5,101
2024,Kevin,Keon Coleman,WR,9,6,102
2024,Tyler,Courtland Sutton,WR,9,7,103
2024,Zach,Pat Freiermuth,TE,9,8,104
2024,Michael,Tyler Lockett,WR,9,9,105
2024,Dante,Chase Brown,RB,9,10,106
2024,Carter,Xavier Worthy,WR,9,11,107
2024,Ethan,Jameson Williams,WR,9,12,108
2024,Ethan,Brian Thomas Jr.,WR,10,1,109
2024,Carter,Devin Singletary,RB,10,2,110
2024,Dante,Ladd McConkey,WR,10,3,111
2024,Michael,Gus Edwards,RB,10,4,112
2024,Zach,Jerry Jeudy,WR,10,5,113
2024,Tyler,Rashid Shaheed,WR,10,6,114
2024,Kevin,Rico Dowdle,RB,10,7,115
2024,Andrew,Jordan Addison,WR,10,8,116
2024,McGwire,Zack Moss,RB,10,9,117
2024,Haris,Brandon Aubrey,K,10,10,118
2024,Noah,Mike Williams,WR,10,11,119
2024,Nathan,J.K. Dobbins,RB,10,12,120
2024,Nathan,Brock Bowers,TE,11,1,121
2024,Noah,Ty Chandler,RB,11,2,122
2024,Haris,Cowboys D/ST,D/ST,11,3,123
2024,McGwire,T.J. Hockenson,TE,11,4,124
2024,Andrew,Zach Charbonnet,RB,11,5,125
2024,Kevin,Jayden Daniels,QB,11,6,126
2024,Tyler,Curtis Samuel,WR,11,7,127
2024,Zach,49ers D/ST,D/ST,11,8,128
2024,Michael,Browns D/ST,D/ST,11,9,129
2024,Dante,Jake Elliott,K,11,10,130
2024,Carter,Dalton Schultz,TE,11,11,131
2024,Ethan,Trey Benson,RB,11,12,132
2024,Ethan,Khalil Shakir,WR,12,1,133
2024,Carter,Ravens D/ST,D/ST,12,2,134
2024,Dante,Xavier Legette,WR,12,3,135
2024,Michael,Adonai Mitchell,WR,12,4,136
2024,Zach,Darnell Mooney,WR,12,5,137
2024,Tyler,Romeo Doubs,WR,12,6,138
2024,Kevin,Jets D/ST,D/ST,12,7,139
2024,Andrew,Steelers D/ST,D/ST,12,8,140
2024,McGwire,Dolphins D/ST,D/ST,12,9,141
2024,Haris,Caleb Williams,QB,12,10,142
2024,Noah,Cole Kmet,TE,12,11,143
2024,Nathan,Jakobi Meyers,WR,12,12,144
2024,Nathan,Saints D/ST,D/ST,13,1,145
2024,Noah,Tyrone Tracy Jr.,RB,13,2,146
2024,Haris,Dontayvion Wicks,WR,13,3,147
2024,McGwire,Tua Tagovailoa,QB,13,4,148
2024,Andrew,Evan McPherson,K,13,5,149
2024,Kevin,Ka'imi Fairbairn,K,13,6,150
2024,Tyler,Harrison Butker,K,13,7,151
2024,Zach,Greg Zuerlein,K,13,8,152
2024,Michael,Blake Corum,RB,13,9,153
2024,Dante,Lions D/ST,D/ST,13,10,154
2024,Carter,Younghoe Koo,K,13,11,155
2024,Ethan,Matt Gay,K,13,12,156
2024,Ethan,Chiefs D/ST,D/ST,14,1,157
2024,Carter,Kendre Miller,RB,14,2,158
2024,Dante,Tyler Allgeier,RB,14,3,159
2024,Michael,Brandin Cooks,WR,14,4,160
2024,Zach,Antonio Gibson,RB,14,5,161
2024,Tyler,Jared Goff,QB,14,6,162
2024,Kevin,Gabe Davis,WR,14,7,163
2024,Andrew,Tyler Conklin,TE,14,8,164
2024,McGwire,Taysom Hill,TE,14,9,165
2024,Haris,Chuba Hubbard,RB,14,10,166
2024,Noah,Bucky Irving,RB,14,11,167
2024,Nathan,Adam Thielen,WR,14,12,168
2024,Nathan,Ricky Pearsall,WR,15,1,169
2024,Noah,Jake Moody,K,15,2,170
2024,Haris,Jalen Tolbert,WR,15,3,171
2024,McGwire,MarShawn Lloyd,RB,15,4,172
2024,Andrew,Elijah Mitchell,RB,15,5,173
2024,Kevin,Khalil Herbert,RB,15,6,174
2024,Tyler,Ray Davis,RB,15,7,175
2024,Zach,Kirk Cousins,QB,15,8,176
2024,Michael,DeMario Douglas,WR,15,9,177
2024,Dante,Ja'Lynn Polk,WR,15,10,178
2024,Carter,Jaleel McLaughlin,RB,15,11,179
2024,Ethan,Jaylen Wright,RB,15,12,180
2024,Ethan,Marvin Mims Jr.,WR,16,1,181
2024,Carter,Jahan Dotson,WR,16,2,182
2024,Dante,Justin Herbert,QB,16,3,183
2024,Michael,Dustin Hopkins,K,16,4,184
2024,Zach,Noah Fant,TE,16,5,185
2024,Tyler,Packers D/ST,D/ST,16,6,186
2024,Kevin,Bears D/ST,D/ST,16,7,187
2024,Andrew,Michael Wilson,WR,16,8,188
2024,McGwire,Chargers D/ST,D/ST,16,9,189
2024,Haris,Snoop Conner,RB,16,10,190
2024,Noah,Vikings D/ST,D/ST,16,11,191
2024,Nathan,Jake Bates,K,16,12,192
2025,Andrew,Ja'Marr Chase,WR,1,1,1
2025,Dante,Bijan Robinson,RB,1,2,2
2025,Noah,Saquon Barkley,RB,1,3,3
2025,Haris,Jahmyr Gibbs,RB,1,4,4
2025,Zach,Christian McCaffrey,RB,1,5,5
2025,McGwire,Justin Jefferson,WR,1,6,6
2025,Nathan,Ashton Jeanty,RB,1,7,7
2025,Ethan,CeeDee Lamb,WR,1,8,8
2025,Michael,Amon-Ra St. Brown,WR,1,9,9
2025,Kevin,Malik Nabers,WR,1,10,10
2025,Carter,De'Von Achane,RB,1,11,11
2025,Tyler,Puka Nacua,WR,1,12,12
2025,Tyler,Nico Collins,WR,2,1,13
2025,Carter,Brian Thomas Jr.,WR,2,2,14
2025,Kevin,Josh Jacobs,RB,2,3,15
2025,Michael,Jonathan Taylor,RB,2,4,16
2025,Ethan,Derrick Henry,RB,2,5,17
2025,Nathan,A.J. Brown,WR,2,6,18
2025,McGwire,Bucky Irving,RB,2,7,19
2025,Zach,Brock Bowers,TE,2,8,20
2025,Haris,Drake London,WR,2,9,21
2025,Noah,Chase Brown,RB,2,10,22
2025,Dante,Lamar Jackson,QB,2,11,23
2025,Andrew,Trey McBride,TE,2,12,24
2025,Andrew,Josh Allen,QB,3,1,25
2025,Dante,Kyren Williams,RB,3,2,26
2025,Noah,Tyreek Hill,WR,3,3,27
2025,Haris,James Cook III,RB,3,4,28
2025,Zach,Tee Higgins,WR,3,5,29
2025,McGwire,Jayden Daniels,QB,3,6,30
2025,Nathan,Omarion Hampton,RB,3,7,31
2025,Ethan,Jalen Hurts,QB,3,8,32
2025,Michael,Ladd McConkey,WR,3,9,33
2025,Kevin,Davante Adams,WR,3,10,34
2025,Carter,Terry McLaurin,WR,3,11,35
2025,Tyler,Alvin Kamara,RB,3,12,36
2025,Tyler,Joe Burrow,QB,4,1,37
2025,Carter,Chuba Hubbard,RB,4,2,38
2025,Kevin,Jaxon Smith-Njigba,WR,4,3,39
2025,Michael,Kenneth Walker III,RB,4,4,40
2025,Ethan,George Kittle,TE,4,5,41
2025,Nathan,TreVeyon Henderson,RB,4,6,42
2025,McGwire,James Conner,RB,4,7,43
2025,Zach,Garrett Wilson,WR,4,8,44
2025,Haris,Tetairoa McMillan,WR,4,9,45
2025,Noah,Mike Evans,WR,4,10,46
2025,Dante,Marvin Harrison Jr.,WR,4,11,47
2025,Andrew,Breece Hall,RB,4,12,48
2025,Andrew,Xavier Worthy,WR,5,1,49
2025,Dante,Courtland Sutton,WR,5,2,50
2025,Noah,Sam LaPorta,TE,5,3,51
2025,Haris,DeVonta Smith,WR,5,4,52
2025,Zach,D'Andre Swift,RB,5,5,53
2025,McGwire,T.J. Hockenson,TE,5,6,54
2025,Nathan,DK Metcalf,WR,5,7,55
2025,Ethan,Zay Flowers,WR,5,8,56
2025,Michael,Jaylen Waddle,WR,5,9,57
2025,Kevin,David Montgomery,RB,5,10,58
2025,Carter,Patrick Mahomes,QB,5,11,59
2025,Tyler,DJ Moore,WR,5,12,60
2025,Tyler,RJ Harvey,RB,6,1,61
2025,Carter,Rome Odunze,WR,6,2,62
2025,Kevin,David Njoku,TE,6,3,63
2025,Michael,Tony Pollard,RB,6,4,64
2025,Ethan,Jameson Williams,WR,6,5,65
2025,Nathan,Baker Mayfield,QB,6,6,66
2025,McGwire,Jerry Jeudy,WR,6,7,67
2025,Zach,Aaron Jones Sr.,RB,6,8,68
2025,Haris,Emeka Egbuka,WR,6,9,69
2025,Noah,George Pickens,WR,6,10,70
2025,Dante,Matthew Golden,WR,6,11,71
2025,Andrew,Isiah Pacheco,RB,6,12,72
2025,Andrew,Jacory Croskey-Merritt,RB,7,1,73
2025,Dante,Jakobi Meyers,WR,7,2,74
2025,Noah,Tyrone Tracy Jr.,RB,7,3,75
2025,Haris,Bo Nix,QB,7,4,76
2025,Zach,Justin Herbert,QB,7,5,77
2025,McGwire,Calvin Ridley,WR,7,6,78
2025,Nathan,Rashee Rice,WR,7,7,79
2025,Ethan,Jaylen Warren,RB,7,8,80
2025,Michael,Travis Kelce,TE,7,9,81
2025,Kevin,Michael Pittman Jr.,WR,7,10,82
2025,Carter,Mark Andrews,TE,7,11,83
2025,Tyler,Evan Engram,TE,7,12,84
2025,Tyler,Rhamondre Stevenson,RB,8,1,85
2025,Carter,Kaleb Johnson,RB,8,2,86
2025,Kevin,Kyler Murray,QB,8,3,87
2025,Michael,Brock Purdy,QB,8,4,88
2025,Ethan,Jauan Jennings,WR,8,5,89
2025,Nathan,Tyler Warren,TE,8,6,90
2025,McGwire,Cooper Kupp,WR,8,7,91
2025,Zach,Chris Olave,WR,8,8,92
2025,Haris,Cam Skattebo,RB,8,9,93
2025,Noah,Ricky Pearsall,WR,8,10,94
2025,Dante,Travis Hunter,WR,8,11,95
2025,Andrew,Jordan Addison,WR,8,12,96
2025,Andrew,Stefon Diggs,WR,9,1,97
2025,Dante,J.K. Dobbins,RB,9,2,98
2025,Noah,Austin Ekeler,RB,9,3,99
2025,Haris,Colston Loveland,TE,9,4,100
2025,Zach,Javonte Williams,RB,9,5,101
2025,McGwire,Joe Mixon,RB,9,6,102
2025,Nathan,Deebo Samuel,WR,9,7,103
2025,Ethan,Keon Coleman,WR,9,8,104
2025,Michael,Chris Godwin Jr.,WR,9,9,105
2025,Kevin,Jordan Mason,RB,9,10,106
2025,Carter,Caleb Williams,QB,9,11,107
2025,Tyler,Rashid Shaheed,WR,9,12,108
2025,Tyler,Keenan Allen,WR,10,1,109
2025,Carter,Xavier Legette,WR,10,2,110
2025,Kevin,Justin Fields,QB,10,3,111
2025,Michael,Khalil Shakir,WR,10,4,112
2025,Ethan,Travis Etienne Jr.,RB,10,5,113
2025,Nathan,Jayden Reed,WR,10,6,114
2025,McGwire,Nick Chubb,RB,10,7,115
2025,Zach,Darnell Mooney,WR,10,8,116
2025,Haris,Bhayshul Tuten,RB,10,9,117
2025,Noah,Dak Prescott,QB,10,10,118
2025,Dante,Zach Charbonnet,RB,10,11,119
2025,Andrew,Jerome Ford,RB,10,12,120
2025,Andrew,Drake Maye,QB,11,1,121
2025,Dante,Jake Ferguson,TE,11,2,122
2025,Noah,Josh Downs,WR,11,3,123
2025,Haris,C.J. Stroud,QB,11,4,124
2025,Zach,Kyle Pitts Sr.,TE,11,5,125
2025,McGwire,Quinshon Judkins,RB,11,6,126
2025,Nathan,Tank Bigsby,RB,11,7,127
2025,Ethan,Jayden Higgins,WR,11,8,128
2025,Michael,Rachaad White,RB,11,9,129
2025,Kevin,Broncos D/ST,D/ST,11,10,130
2025,Carter,Tucker Kraft,TE,11,11,131
2025,Tyler,Jordan Love,QB,11,12,132
2025,Tyler,Steelers D/ST,D/ST,12,1,133
2025,Carter,Trey Benson,RB,12,2,134
2025,Kevin,Brandon Aubrey,K,12,3,135
2025,Michael,Lions D/ST,D/ST,12,4,136
2025,Ethan,Dalton Kincaid,TE,12,5,137
2025,Nathan,Eagles D/ST,D/ST,12,6,138
2025,McGwire,Brandon Aiyuk,WR,12,7,139
2025,Zach,J.J. McCarthy,QB,12,8,140
2025,Haris,Ollie Gordon II,RB,12,9,141
2025,Noah,Dallas Goedert,TE,12,10,142
2025,Dante,Tyler Allgeier,RB,12,11,143
2025,Andrew,Texans D/ST,D/ST,12,12,144
2025,Andrew,Jake Bates,K,13,1,145
2025,Dante,Jake Elliott,K,13,2,146
2025,Noah,Jaydon Blue,RB,13,3,147
2025,Haris,Ravens D/ST,D/ST,13,4,148
2025,Zach,Braelon Allen,RB,13,5,149
2025,McGwire,Cameron Dicker,K,13,6,150
2025,Nathan,Ray Davis,RB,13,7,151
2025,Ethan,Chase McLaughlin,K,13,8,152
2025,Michael,Chris Boswell,K,13,9,153
2025,Kevin,Cedric Tillman,WR,13,10,154
2025,Carter,Vikings D/ST,D/ST,13,11,155
2025,Tyler,Will Shipley,RB,13,12,156
2025,Tyler,Tyler Bass,K,14,1,157
2025,Carter,Younghoe Koo,K,14,2,158
2025,Kevin,Brian Robinson Jr.,RB,14,3,159
2025,Michael,Hunter Henry,TE,14,4,160
2025,Ethan,Jared Goff,QB,14,5,161
2025,Nathan,Adam Thielen,WR,14,6,162
2025,McGwire,Bills D/ST,D/ST,14,7,163
2025,Zach,Seahawks D/ST,D/ST,14,8,164
2025,Haris,Harrison Butker,K,14,9,165
2025,Noah,Najee Harris,RB,14,10,166
2025,Dante,Cardinals D/ST,D/ST,14,11,167
2025,Andrew,Brenton Strange,TE,14,12,168
2025,Andrew,Dylan Sampson,RB,15,1,169
2025,Dante,Cam Ward,QB,15,2,170
2025,Noah,Patriots D/ST,D/ST,15,3,171
2025,Haris,Chig Okonkwo,TE,15,4,172
2025,Zach,Ka'imi Fairbairn,K,15,5,173
2025,McGwire,Zach Ertz,TE,15,6,174
2025,Nathan,Cairo Santos,K,15,7,175
2025,Ethan,Hollywood Brown,WR,15,8,176
2025,Michael,Matthew Stafford,QB,15,9,177
2025,Kevin,Michael Wilson,WR,15,10,178
2025,Carter,Marvin Mims Jr.,WR,15,11,179
2025,Tyler,Darren Waller,TE,15,12,180
2025,Tyler,Rashod Bateman,WR,16,1,181
2025,Carter,Jameis Winston,QB,16,2,182
2025,Kevin,Dalton Schultz,TE,16,3,183
2025,Michael,Romeo Doubs,WR,16,4,184
2025,Ethan,Packers D/ST,D/ST,16,5,185
2025,Nathan,Jaxson Dart,QB,16,6,186
2025,McGwire,Justin Tucker,K,16,7,187
2025,Zach,Wan'Dale Robinson,WR,16,8,188
2025,Haris,Efton Chism III,WR,16,9,189
2025,Noah,Matt Gay,K,16,10,190
2025,Dante,Amari Cooper,WR,16,11,191
2025,Andrew,Luther Burden III,WR,16,12,192
